<?xml version="1.0" encoding="UTF-8"?> 
<project>                                  
  <executable name="Proyecto2.elf">                 
    <memory name="program">              
      <units>bytes</units>                 
      <length>32768</length>                 
      <used>13669</used>                     
      <free>19099</free>                     
    </memory>                              
    <memory name="data">                 
      <units>bytes</units>                 
      <length>2048</length>                 
      <used>20</used>                     
      <free>2028</free>                     
    </memory>                              
  </executable>                            
</project>                                 
